Title,Image,Link,Description,Content
Xây dựng Thương hiệu tuyển dụng với chi phí thấp nhưng chất lượng cao,https://www.vietnamworks.com//hrinsider//wp-content/uploads/2023/05/Shutterstock_2190179115-1.jpg,https://www.vietnamworks.com/hrinsider/xay-dung-thuong-hieu-tuyen-dung-voi-chi-phi-thap-nhung-chat-luong-cao.html,"Trong thời kỳ bất ổn kinh tế và bất ổn xã hội, việc trở thành một chuyên gia xây dựng thương hiệu nhà tuyển dụng có thể là một thách thức. Không phải lúc nào…                                                ","
Tuy nhiên, như Bryan Chaney, Giám đốc Thương hiệu Nhà tuyển dụng của Indeed cho biết, chính vào những thời điểm như thế này, “thương hiệu nhà tuyển dụng của chúng tôi thậm chí còn quan trọng hơn, bởi vì tính cách của bạn được bộc lộ trong những thời điểm khó khăn nhất.”
Bryan nói thêm: “Những người tìm việc muốn biết bạn đang chăm sóc nhân viên của mình như thế nào và trao quyền cho họ để họ thành công, đặc biệt là vào lúc này.”
Cho dù doanh nghiệp của bạn có đang tích cực tuyển dụng hay không, thì việc đầu tư vào danh tiếng của nhà tuyển dụng ngay bây giờ có thể giúp bạn thu hút những nhân tài hàng đầu về lâu dài. Phần tốt nhất? Bạn không cần ngân sách hàng triệu đô la để biến nó thành hiện thực. Chúng tôi đã tập hợp một số cách tiếp cận có tác động cao, chi phí thấp từ các chuyên gia trong lĩnh vực này để giúp bạn tạo nội dung thương hiệu nhà tuyển dụng mạnh mẽ hơn.

Nhiều nhà tuyển dụng muốn giới thiệu những đặc quyền thú vị khiến công ty của họ trở thành một nơi tuyệt vời để làm việc. Nhưng điều này có thể làm xao nhãng điều thực sự nằm ở trung tâm văn hóa công ty của bạn: con người. Emily Firth, cựu giám đốc toàn cầu về xây dựng  thương hiệu nhà tuyển dụng  tại trang web du lịch Booking.com, nói rằng hãy tập trung ít hơn vào “những chuyện ngoài lề” mà hãy đầu tư nhiều hơn nữa vào những câu chuyện về những nhân viên thực sự đang làm những việc thực tế.
Firth giải thích: “Hãy lấy điện thoại của bạn và… quay phim mọi người trong tổ chức của bạn đang say sưa nói về… những điều phản ánh văn hóa của bạn mà không nhất thiết phải liên quan đến công việc hàng ngày,” Firth giải thích. Ngoài việc miễn phí, chiến lược này còn có lợi ích là kết hợp các bộ phận quan hệ công chúng (PR) và bộ phận nhân sự (HR) lại với nhau, cô nói thêm.
Firth nói: “Tôi luôn khuyến khích các nhà quản lý thương hiệu của nhà tuyển dụng suy nghĩ giống như các nhà báo hơn. Bằng cách kể “một câu chuyện của con người về cách bạn đối xử với mọi người trong công ty của mình,… bạn có được khả năng tiếp cận cao hơn cách tiếp thị truyền thống, bởi vì bạn không bán quảng bá một cách khô khan. Bạn đang cố gắng tạo ra một kết nối cảm xúc.”
Hãy suy nghĩ sáng tạo về các nhóm trong tổ chức của bạn với những câu chuyện mà bạn có thể chia sẻ. Tiềm năng ở khắp mọi nơi—từ những người kể chuyện truyền thống trong các nhóm nhân viên và tiếp thị của công ty đến các nhóm vận hành và công nghệ thông tin (CNTT) của bạn.

Bạn sẽ luôn cạnh tranh để thu hút sự chú ý của mọi người. Trong một thế giới mà người Mỹ trung bình dành tới 11 giờ mỗi ngày để xem nội dung và phương tiện truyền thông, làm thế nào để bạn vượt qua tiếng ồn của các  thương hiệu  khác?
“Lấy cảm hứng từ các đối thủ cạnh tranh khi kể những câu chuyện của chính công ty bạn.”
Đừng bị đe dọa bởi các chiến dịch xây dựng thương hiệu nhà tuyển dụng hào nhoáng, ngân sách lớn từ các tập đoàn lớn. Thay vào đó, hãy lấy cảm hứng từ những câu chuyện của họ và áp dụng những cách tiếp cận đó vào câu chuyện của chính công ty bạn về những điều khiến công ty trở thành một nhà tuyển dụng tuyệt vời.
Trên thực tế, dữ liệu về đối thủ cạnh tranh có thể hữu ích trong việc suy nghĩ về cách tốt nhất để truyền tải thương hiệu nhà tuyển dụng của bạn. “Bạn không cần phải cạnh tranh với Google nếu họ không phải là đối thủ của bạn,” chiến lược gia tuyển dụng và tác giả Jack Whatley nói. “Tất cả những gì bạn phải làm là tốt hơn một chút so với người tiếp theo.”
Firth cho biết: Khi nhắm mục tiêu đến những tài năng tiềm năng, bạn cũng có thể duy trì tính cạnh tranh bằng cách tận dụng những hiểu biết sâu sắc và nghiên cứu mà nhóm tiếp thị của bạn sử dụng để phát triển nội dung cho khách hàng. nhân viên và tài năng đang nói về.
Thu thập nội dung thương hiệu nhà tuyển dụng từ nhân viên
“Cân nhắc việc khuyến khích tham gia sáng tạo nội dung bằng phần thưởng hoặc một số hình thức công nhận khác.” 
Việc phát triển nội dung về thương hiệu nhà tuyển dụng không nhất thiết phải chỉ dựa trên vai trò của những nhà tiếp thị thương hiệu nhà tuyển dụng. Hãy nghĩ đến những cách sáng tạo mà nhân viên có thể chia sẻ nội dung về kinh nghiệm làm việc cá nhân của họ với mạng lưới của riêng mình. Ví dụ, một thẻ hashtag đáng nhớ cho một ngày sức khỏe tinh thần dành cho toàn bộ công ty có thể khuyến khích nhân viên đăng bài về những gì họ làm trong ngày nghỉ của mình – và minh họa cam kết của công ty đối với sự phát triển tốt đẹp của người lao động.
Rian Finnegan, cựu Giám đốc Cấp cao về  Thương hiệu Nhà tuyển dụng  và Tiếp thị Tuyển dụng của Instacart cho biết: “Nhân viên của chúng tôi rất háo hức được nói chuyện… về những gì chúng tôi đang làm và nói về văn hóa của chúng tôi, họ chỉ cần một số hướng dẫn. Sử dụng các công cụ giao tiếp nội bộ, chẳng hạn như bản tin hàng tuần hoặc nền tảng mạng nội bộ của công ty, để cung cấp cho nhân viên hướng dẫn về nội dung thương hiệu của nhà tuyển dụng, khi nào và ở đâu.
Hãy xem xét khuyến khích sự tham gia trong việc tạo nội dung bằng cách tặng quà, tổ chức một cuộc thi hoặc một hình thức công nhận nào đó. Bạn cũng có thể hình thành chiến lược hợp tác cộng đồng bằng cách tạo ra một chương trình đại sứ thương hiệu nội bộ mà nhân viên có thể tham gia.
Nếu bạn chưa làm, hãy xác lập một mối quan hệ gần gũi với đội ngũ lãnh đạo. Điều này giúp bạn nắm bắt được thông tin về toàn bộ công ty – và mở ra cơ hội cho việc tạo nội dung của nhân viên – đồng thời củng cố giá trị của công việc khó khăn của bạn trong việc xây dựng uy tín thương hiệu nhà tuyển dụng của bạn.

“Có cái nhìn sâu sắc về các sáng kiến và câu chuyện mà lãnh đạo muốn thúc đẩy là quan trọng”
Quan trọng không kém việc thông tin mà bạn chia sẻ toàn công ty là những cuộc trò chuyện của bạn với đội ngũ thu hút nhân tài và tuyển dụng. Họ là điểm liên lạc trực tiếp với nhân tài tiềm năng, vì vậy việc có cái nhìn sâu sắc về những sáng kiến và câu chuyện mà lãnh đạo muốn thúc đẩy – cùng với những gì được (và không được) nói – là rất quan trọng.
“Chúng ta đều là nhà tiếp thị,” Chrissy Thornhill, Trưởng nhóm Quảng cáo Tuyển dụng Toàn cầu tại Salesforce, nhấn mạnh rằng tất cả các thành viên của đội tuyển dụng thường được yêu cầu tham gia khóa đào tạo về tiếp thị tuyển dụng trong 90 ngày đầu tiên của họ.
Trang bị những nhân viên tuyển dụng của bạn trở thành những nhà tiếp thị tuyển dụng có thể đơn giản như việc giáo dục họ về mối tương quan giữa việc chia sẻ nội dung về thương hiệu nhà tuyển dụng và việc thu hút ứng viên chất lượng thành công.
Thornhill cho biết cô tổ chức các buổi họp định kỳ để giảng dạy cho đội tuyển dụng của Salesforce về cách tìm kiếm và chia sẻ nội dung và để “chứng minh sự nhận thức về thương hiệu mà họ có thể tạo ra so với những gì kênh truyền thông xã hội của chúng tôi có thể tạo ra”.

Mối quan hệ làm việc chặt chẽ với lãnh đạo cũng rất quan trọng khi chứng minh lợi tức đầu tư vào tiếp thị thương hiệu (ROI). Cảm thấy tự tin vào công việc của mình trong bối cảnh ngân sách bị cắt giảm, sa thải nhân viên và tình trạng bất ổn kinh tế kéo dài có thể khó khăn, nhưng khi “được trình bày đúng cách, điều đó khá rõ ràng… hiện có rất nhiều bằng chứng mà bạn có thể sử dụng để củng cố lập trường,” Firth nói.
Trong hiện thực hiện nay, việc báo chí đưa tin về cách một công ty đối xử với nhân viên có ảnh hưởng rất lớn đến cảm nhận của khách hàng, ảnh hưởng đến giá trị cổ phiếu và lợi nhuận của doanh nghiệp. Firth nhắc nhở chúng ta để kết nối những liên kết đó: “Điều này ảnh hưởng đến sự cam kết nội bộ của chúng ta, mọi người đang cảm thấy lạc lõng, sợ hãi và bối rối, và bạn cần sự hỗ trợ trong việc đối phó với điều đó. Đội PR của chúng ta đang gặp khó khăn với những tiêu đề tiêu cực này. Đội ngũ nhân sự của chúng ta quá tải khi cố gắng giải quyết tất cả những tình huống này”.
Firth cũng nhận xét rằng lãnh đạo có thể “quan tâm hơn đến những gì bạn đang làm vì điều đó không chỉ là một vấn đề nhân sự” – nó liên quan trực tiếp và rõ ràng hơn đến mục tiêu kinh doanh: “Bạn là không thể thay thế – bạn chỉ cần đứng lên, xây dựng mối quan hệ, kết bạn và dũng cảm để nói, ‘Đây là một việc mà tôi có thể giúp đỡ'”.

Bất chấp các sự kiện và điều kiện kinh tế khó khăn hiện tại, bạn có vị trí độc đáo để chứng minh tầm quan trọng của các chuyên gia về xây dựng thương hiệu trong việc thu hút và giữ chân nhân tài hàng đầu. Bằng cách đầu tư thời gian và nguồn lực vào thương hiệu nhà tuyển dụng của bạn ngay hôm nay, bạn không chỉ phục vụ doanh nghiệp của mình trong thời điểm khủng hoảng mà còn định vị tổ chức của bạn để thu hút nhân tài hàng đầu trong tương lai dài hơn.
"
"Những điều trăn trở khó ""tháo gỡ"" khi làm Thương hiệu tuyển dụng",https://www.vietnamworks.com//hrinsider//wp-content/uploads/2023/05/Shutterstock_1996388537-3.jpg,https://www.vietnamworks.com/hrinsider/nhung-dieu-tran-tro-kho-thao-go-khi-lam-thuong-hieu-tuyen-dung.html,"Làm Thương hiệu tuyển dụng là một quá trình phức tạp và đầy trăn trở. Để xây dựng một thương hiệu tuyển dụng mạnh mẽ và thu hút ứng viên chất lượng, các nhà quản…                                                ","

Thương hiệu tuyển dụng (Employer Branding) là quá trình xây dựng và quản lý hình ảnh của một tổ chức trong mắt người lao động và ứng viên tiềm năng. Nó là sự tổng hòa của các giá trị, văn hóa, lợi ích và kinh nghiệm làm việc mà một tổ chức tạo ra để thu hút, tuyển dụng và giữ chân nhân viên. Thương hiệu tuyển dụng không chỉ đề cập đến việc quảng bá một cách hiệu quả mà còn đến việc xây dựng một hình ảnh đáng tin cậy và hấp dẫn của tổ chức trong tâm trí của nhân viên hiện tại và tiềm năng.

Xây dựng một thương hiệu tuyển dụng đúng nghĩa không chỉ đòi hỏi sự sáng tạo và khéo léo, mà còn đòi hỏi kiên nhẫn và sự đồng lòng từ mọi thành viên trong tổ chức. Dưới đây là một số khó khăn mà các nhà quản lý nhân sự thường gặp phải khi làm Thương hiệu tuyển dụng:

Một trong những vấn đề đầu tiên là thiếu nhân lực có chuyên môn, chuyên gia có kinh nghiệm trong lĩnh vực tuyển dụng. Để xây dựng một thương hiệu tuyển dụng thành công, doanh nghiệp cần những người hiểu rõ về quy trình tuyển dụng, phân tích nhu cầu và tìm kiếm ứng viên phù hợp. Tuy nhiên, việc tìm kiếm và thuê được những chuyên gia này không phải là một nhiệm vụ dễ dàng.

Thị trường lao động hiện nay đang chứng kiến một sự cạnh tranh gay gắt trong việc thu hút và giữ chân nhân tài. Các công ty cạnh tranh không chỉ về mức lương và phúc lợi, mà còn về các yếu tố khác như môi trường làm việc, cơ hội phát triển, và danh tiếng thương hiệu. Điều này đặt ra một thách thức lớn cho các nhà quản lý nhân sự khi cố gắng xây dựng thương hiệu tuyển dụng hấp dẫn và nổi bật giữa đám đông.

Một trở ngại khác khi làm Thương hiệu tuyển dụng là không đáp ứng được kỳ vọng của ứng viên. Đôi khi, dù có xây dựng một  thương hiệu tuyển dụng  mạnh mẽ, nhưng khi ứng viên tham gia quá trình tuyển dụng, họ có thể gặp phải những vấn đề như quá trình ứng tuyển lộn xộn, thông tin không rõ ràng, hoặc không có phản hồi sau quá trình phỏng vấn. Điều này có thể làm giảm động lực và sự quan tâm của ứng viên, từ đó ảnh hưởng đến thương hiệu tuyển dụng và khả năng thu hút nhân tài.

Để xây dựng một thương hiệu tuyển dụng mạnh mẽ, cần có sự nhất quán trong thông điệp gửi đến ứng viên. Tuy nhiên, trong quá trình tuyển dụng, thông điệp có thể bị biến đổi hoặc không nhất quán, từ đó gây hiểu lầm hoặc mất đi sự tin tưởng của ứng viên. Điều này đặt ra một thách thức trong việc duy trì sự nhất quán trong các kênh thông tin và các quy trình tuyển dụng.

Để thu hút ứng viên tốt và giữ chân nhân tài, công ty cần có một danh tiếng tốt trong lĩnh vực tuyển dụng. Tuy nhiên, xây dựng và duy trì danh tiếng  thương hiệu  là một quá trình dài hơi và yêu cầu sự đầu tư liên tục vào việc nâng cao chất lượng tuyển dụng, quản lý tương tác với ứng viên và xây dựng mối quan hệ tốt với các cộng đồng liên quan.
Trên đây là một số trăn trở khó “tháo gỡ” khi làm Thương hiệu tuyển dụng. Để vượt qua những thách thức này, các nhà quản lý nhân sự cần có chiến lược tuyển dụng thông minh, sự nhất quán trong quy trình tuyển dụng và hơn nữa là thiết lập và duy trì một Thương hiệu tuyển dụng hiệu quả. Chúc các doanh nghiệp thành công trong quá trình thu hút và chiêu mộ nhân tài.
"
"Những điều ""nhỏ"" đóng góp ""to"" cho thương hiệu tuyển dụng",https://www.vietnamworks.com//hrinsider//wp-content/uploads/2023/05/Shutterstock_2229038949-1.jpg,https://www.vietnamworks.com/hrinsider/nhung-dieu-nho-dong-gop-to-cho-thuong-hieu-tuyen-dung.html,"Mỗi tổ chức đều có một thương hiệu tuyển dụng, đó là danh tiếng và nhận thức của ứng viên trên thị trường về một nơi làm việc tốt hay không. Nếu chúng ta tiếp…                                                ","
Tin tốt là có rất nhiều điều doanh nghiệp có thể làm để cải thiện thương hiệu tuyển dụng của mình. Nếu doanh nghiệp làm đúng, ứng viên sẽ tìm đến bạn trực tiếp hoặc thông qua giới thiệu nội bộ, giúp doanh nghiệp có thể tiết kiệm rất nhiều phí tuyển dụng.
Dưới đây là hướng dẫn năm điểm của tôi để tạo ra một thương hiệu nhà tuyển dụng tích cực. Thực hiện theo các mẹo này và bạn sẽ không gặp khó khăn gì trong việc thu hút và giữ chân những cá nhân chất lượng hàng đầu cho doanh nghiệp của mình.

Điều quan trọng nhất bạn có thể làm để mang lại cho mọi người ấn tượng rằng họ sẽ có một trải nghiệm tốt khi làm việc cho bạn – không có gì ngạc nhiên – hãy biến nó thành một trải nghiệm tốt khi làm việc cho bạn. Đây là điều không thể bỏ qua.
Mỗi thành viên trong đội ngũ nhân viên của bạn sẽ biết một số người có khả năng làm việc cho bạn. Nếu họ không được đối xử công bằng và có cơ hội phát triển thì mọi chiêu trò PR, nhân sự trên đời cũng không giúp được gì cho bạn.
Trung bình, một cá nhân sẽ nói với 16 người nếu họ có trải nghiệm tồi tệ, trái ngược với 9 người nếu họ có trải nghiệm tích cực. Có một lý do họ nói rằng tin xấu lan truyền nhanh chóng.
Một cân nhắc quan trọng khi quản lý văn hóa của tổ chức bạn là đảm bảo nhân viên sẽ đánh giá cao về việc làm việc cho bạn. Xây dựng danh tiếng vững chắc trên thị trường có nghĩa là bạn đã thắng được một nửa trận chiến khi cố gắng thu hút các ứng viên tiềm năng cho một vị trí.

Mối quan hệ giữa người lao động và người sử dụng lao động không bắt đầu và kết thúc bằng việc bàn giao thẻ ra vào bãi đậu xe của nhân viên. Ngay từ thời điểm ai đó ứng tuyển vào một vị trí, họ đang hình thành ý kiến ​​về công ty của bạn với tư cách là nhà tuyển dụng và họ sẽ không ngại chia sẻ điều đó.
Gần đây, chúng tôi đã tiếp cận một người nào đó cho một công việc cơ sở hạ tầng cấp cao, nhưng anh ta không hứng thú vì công ty được đề cập đã khiến anh ta bối rối về vai trò Giám đốc trước đây vài năm bằng cách thay đổi ngày phỏng vấn cuối cùng của anh ta bốn lần (sau khi anh ta đã sắp xếp chuyến đi của mình và thời gian nghỉ) và nó đã để lại dư vị khó chịu là điều dễ hiểu. Ứng viên tài năng này không chỉ bị mất thiện cảm về nhà tuyển dụng, bạn có thể chắc chắn rằng anh ta đã nói với đồng nghiệp về trải nghiệm của mình.
Bạn có khả năng phỏng vấn ít nhất gấp bốn lần số người mà bạn thuê trong một năm nhất định, vì vậy hãy đối xử tốt với tất cả các ứng viên và người được phỏng vấn, trả lời nhanh chóng, nói chuyện với họ một cách chuyên nghiệp, tạo cho họ ấn tượng tích cực khi họ đến phỏng vấn và cung cấp cho họ với thông tin phản hồi kịp thời và có ý nghĩa.

Một trong những điều đầu tiên mọi người làm khi tìm hiểu về một vị trí là truy cập trang web của công ty. Vì vậy, việc có được một phần nhìn tốt, dễ tìm thấy, ‘Tham gia cùng chúng tôi’ hoặc ‘Làm việc cho chúng tôi chính là những thông điệp cần thiết. Kể một câu chuyện hấp dẫn về văn hóa, dự án và hoạt động của tổ chức bạn, và quan trọng nhất là thu hút nhân viên hiện tại làm việc cho bạn.
Lời chứng thực từ những người đã tiến bộ, những người thích làm việc cho bạn, những người có những câu chuyện tuyệt vời để kể và rất có giá trị trong việc thúc đẩy sự tham gia và ủng hộ của nhân viên. Ảnh và video là những cách tuyệt vời để đưa  thương hiệu nhà tuyển dụng  của bạn trở nên sống động thông qua những người thể hiện nó.

Tìm kiếm những câu chuyện tích cực trên báo chí thương mại, khu vực và quốc gia. Các nhân viên tiềm năng muốn thấy rằng một công ty đang hoạt động tốt và tạo nên kết quả tài chính tốt, các hợp đồng giành được, các giải thưởng trong ngành, các hội nghị cấp cao mới và việc mở văn phòng đều phải được công khai. Các ứng viên cũng muốn cảm thấy họ biết một công ty và hiểu chiến lược của công ty đó, vì vậy hãy hiểu rõ điều này.
Ngoài ra còn có trường hợp đưa ra những câu chuyện cụ thể về nhà tuyển dụng, chẳng hạn như thành công trong đào tạo và giải thưởng của mọi người. Các nhóm nhân sự và PR nên hợp tác chặt chẽ để đảm bảo các thông điệp được đưa ra không chỉ nhắm đến các khách hàng tiềm năng mà còn nhắm đến các nhân viên tiềm năng.
Cũng nên nhớ rằng khi nhân viên làm việc với khách hàng, nhà cung cấp, hợp tác với đối thủ cạnh tranh và khi họ tham dự các sự kiện trong ngành, họ đang đóng vai trò là đại sứ cho công ty của bạn. Cách họ cư xử sẽ giúp xây dựng – hoặc làm hỏng –  thương hiệu nhà tuyển dụng  của bạn.

Sử dụng quảng cáo việc làm để quảng bá công ty với tư cách là nhà tuyển dụng. Đừng chỉ liệt kê những gì bạn muốn từ ứng viên, hãy cho họ lý do để muốn làm việc cho bạn. Thị trường vô cùng dồi dào, vì vậy đừng lãng phí không gian này chỉ để nói về công ty bạn tuyệt vời như thế nào. Cho độc giả biết lý do tại sao họ nên làm việc cho bạn – cơ hội nghề nghiệp, hỗ trợ đào tạo, cơ hội làm việc ở nước ngoài, văn hóa và lợi ích là gì? Luôn giữ thương hiệu nhà tuyển dụng ở vị trí hàng đầu trong tâm trí họ và truyền đạt những gì trong đó dành cho họ với tư cách là một nhân viên tiềm năng.
Thị trường nhân tài trong lĩnh vực vận tải và cơ sở hạ tầng chưa bao giờ cạnh tranh hơn thế và vì vậy việc  xây dựng thương hiệu  nhà tuyển dụng chưa bao giờ quan trọng hơn thế. Với sự gia tăng tính minh bạch của phương tiện truyền thông xã hội, việc chỉ dựa vào quảng cáo tuyển dụng hoặc các công ty tìm kiếm điều hành để bán thương hiệu của bạn cho các ứng viên là không đủ. Thương hiệu cần bắt đầu từ bên trong công ty và tất cả nhân viên, từ Giám đốc điều hành đến người ngồi trên bàn tiếp tân, cần phải đồng tình với một thông điệp thống nhất.
"
"""Quiet Hiring"" - hiểu đúng hiểu đủ xu hướng tuyển dụng mới",https://www.vietnamworks.com//hrinsider//wp-content/uploads/2023/05/Shutterstock_2279576937-1.jpg,https://www.vietnamworks.com/hrinsider/quiet-hiring-hieu-dung-hieu-du-xu-huong-tuyen-dung-moi.html,"“Quiet quitting” hay “quite hiring” ngày nay đang là xu hướng mới trong thị trường lao động và tuyển dụng. Đối mặt với xu hướng này, doanh nghiệp phải làm sao để không bị “quật…                                                ","
Trước khi đi sâu vào phân tích  “Quiet Hiring”, chúng ta cần hiểu hai thuật ngữ liên quan khác là “Quiet quitting” và “Quiet hiring.”
Quiet quitting : Đây là một xu hướng mới trong việc nghỉ phổ biến trừ sau giai đoạn “lockdown” vì đại dịch covid 19, khi mà người lao động không công khai thông báo cho công ty hoặc đồng nghiệp của mình. Thay vào đó, họ giữ kín thông tin và tìm cách rời bỏ công việc một cách tĩnh lặng mà không gây sự chú ý.
Quiet hiring : Ngược lại với Quiet quitting, Quiet hiring ám chỉ việc tuyển dụng một ứng viên mà không công khai thông tin với công chúng hoặc những người trong công ty. Trong Quiet hiring, các doanh nghiệp sẽ tìm kiếm và tiếp cận ứng viên một cách kín đáo và không công bố rộng rãi thông tin về việc tuyển dụng của mình.
Những lưu ý cho nhà tuyển dụng khi thực hiện Quiet hiring
Quiet Hiring đang trở thành một xu hướng quan trọng trong lĩnh vực tuyển dụng, với mục tiêu tăng tính bảo mật và giảm sự chú ý đến quá trình tuyển dụng. Điều này có thể áp dụng cho những vị trí quan trọng, nhạy cảm hoặc đòi hỏi tính kỹ thuật cao. Dưới đây là một số lưu ý quan trọng khi thực hiện Quiet Hiring:
Tìm kiếm ứng viên ẩn danh 
 Trong Quiet Hiring, nhà tuyển dụng cần tìm cách tiếp cận ứng viên một cách kín đáo và ẩn danh. Điều này có thể bao gồm việc sử dụng mạng lưới cá nhân, môi giới hoặc thông qua những kênh không công khai.
Bảo mật thông tin
Nhà tuyển dụng cần đảm bảo tính bảo mật cao đối với thông tin về việc tuyển dụng. Điều này bao gồm việc sử dụng hợp đồng bảo mật và không tiết lộ thông tin cá nhân của ứng viên cho bất kỳ ai ngoại trừ những người liên quan trực tiếp đến quá trình tuyển dụng. 
Cần đảm bảo tính minh bạch và công bằng
Mặc dù Quiet Hiring là việc tuyển dụng kín đáo, nhưng vẫn cần đảm bảo tính công bằng và minh bạch trong quá trình tuyển dụng. Nhà tuyển dụng cần thiết lập các tiêu chí rõ ràng và công bố các quy trình tuyển dụng một cách minh bạch, nhằm đảm bảo không có sự thiên vị hoặc đánh giá không công bằng đối với ứng viên.
Xây dựng mạng lưới ứng viên tiềm năng
Để thực hiện Quiet Hiring, nhà tuyển dụng cần đầu tư vào việc xây dựng một mạng lưới ứng viên tiềm năng. Điều này có thể bao gồm việc tạo dựng mối quan hệ với các chuyên gia trong ngành, các nhà nghiên cứu, hoặc những người có kỹ năng đặc biệt. Việc xây dựng mạng lưới này giúp nhà tuyển dụng tiếp cận và tuyển dụng ứng viên chất lượng một cách kín đáo.
Những ưu điểm và hạn chế của xu hướng Quiet Hiring
Ưu điểm
Bảo mật thông tin: Quiet Hiring đảm bảo tính riêng tư và bảo mật thông tin của ứng viên, giúp bảo vệ quyền riêng tư và tránh việc thông tin cá nhân bị lộ ra công chúng.
Giảm sự cạnh tranh: Việc không công khai thông tin về việc tuyển dụng giúp giảm sự cạnh tranh giữa các ứng viên, đồng thời giúp doanh nghiệp duy trì sự ổn định trong tổ chức.
Tập trung vào kỹ năng và năng lực: Quiet Hiring cho phép nhà tuyển dụng tập trung vào đánh giá kỹ năng và năng lực của ứng viên mà không bị ảnh hưởng bởi sự chú ý hoặc ảnh hưởng từ bên ngoài.
Hạn chế
Thiếu sự công khai: Việc không công khai thông tin về việc tuyển dụng có thể gây khó khăn trong việc tìm kiếm và thu hút ứng viên phù hợp cho doanh nghiệp.
Giới hạn tầm nhìn: Do không công khai thông tin, Quiet Hiring có thể gây ra giới hạn về tầm nhìn trong việc tìm kiếm ứng viên. Điều này có thể đồng nghĩa với việc bỏ qua những ứng viên tiềm năng có thể quan tâm đến cơ hội việc làm mà không nhận được thông tin về việc tuyển dụng.
Thiếu đánh giá từ cộng đồng: Không công khai việc tuyển dụng có thể làm cho công ty bị thiếu sự đánh giá từ cộng đồng, vì không có thông tin và phản hồi từ người trong ngành. Điều này có thể làm mất đi một phần quan trọng trong quá trình xác định chất lượng và phù hợp của ứng viên.
Tóm lại, Quiet Hiring là một xu hướng tuyển dụng mới, đặc biệt trong những vị trí nhạy cảm hoặc đòi hỏi tính bảo mật cao. Mặc dù có những ưu điểm như bảo mật thông tin và giảm sự cạnh tranh, nhưng cũng có những hạn chế như thiếu sự công khai và khó khăn trong xây dựng hình ảnh công ty. Nhà tuyển dụng cần cân nhắc và đánh giá kỹ lưỡng trước khi thực hiện Quiet Hiring để đảm bảo phù hợp với tình hình và mục tiêu tuyển dụng của công ty.
"
Hỏi ít hiểu nhiều: các câu hỏi phỏng vấn đơn giản nhưng khai thác sâu ứng viên,https://www.vietnamworks.com//hrinsider//wp-content/uploads/2023/05/Shutterstock_2143656171-1.jpg,https://www.vietnamworks.com/hrinsider/hoi-it-hieu-nhieu-cac-cau-hoi-phong-van-don-gian-nhung-khai-thac-sau-ung-vien.html,Phỏng vấn là một quá trình quan trọng để tuyển chọn ứng viên phù hợp cho một vị trí công việc. Để hiểu rõ hơn về ứng viên và khai thác tối đa năng lực…                                                ,"
“Hãy cho tôi biết về kinh nghiệm làm việc của bạn trong lĩnh vực này.”
Câu hỏi này giúp bạn đánh giá mức độ hiểu biết và kinh nghiệm của ứng viên trong lĩnh vực công việc. Họ có thể chia sẻ về dự án quan trọng nhất mà họ đã tham gia, những kỹ năng chính mà họ đã phát triển, và những thành tựu mà họ đã đạt được.
“Bạn đã từng đối mặt với thách thức gì trong công việc trước đây và làm thế nào để giải quyết chúng?”
Câu hỏi này giúp bạn hiểu khả năng giải quyết vấn đề và ứng phó của ứng viên. Họ có thể chia sẻ về những thách thức khó khăn mà họ đã gặp phải và cách họ đã xử lý chúng. Điều này cho phép bạn đánh giá khả năng thích ứng và quyết đoán của ứng viên trong các tình huống khó khăn.
“Hãy cho tôi biết về một dự án mà bạn đã tự mình lãnh đạo hoặc quản lý.”
Câu hỏi này giúp bạn đánh giá khả năng lãnh đạo và quản lý của ứng viên. Họ có thể chia sẻ về việc xây dựng và quản lý nhóm làm việc, đạt được kết quả nào và những bài học được từ kinh nghiệm đó. Điều này giúp nhà tuyển dụng hiểu được khả năng tổ chức và ảnh hưởng của ứng viên.
“Bạn nghĩ gì về xu hướng mới trong lĩnh vực chúng ta đang làm việc?”
Câu hỏi này giúp bạn đánh giá mức độ quan tâm và tìm hiểu của ứng viên về lĩnh vực công việc. Họ có thể chia sẻ về các xu hướng mới, công nghệ hay phương pháp mới mà họ đã nghiên cứu hoặc theo dõi. Thông qua đó bạn có thể đánh giá mức độ sáng tạo và khả năng thích ứng của ứng viên với những thay đổi trong ngành.
“Hãy cho tôi biết về một lần bạn đã phải làm việc trong một dự án nhóm và cách bạn đã đóng góp vào thành công của dự án đó.”
Câu hỏi này giúp bạn đánh giá khả năng làm việc nhóm và cộng tác của ứng viên. Họ có thể chia sẻ về trách nhiệm của mình trong dự án, cách họ đã hợp tác với đồng đội và đóng góp của họ đã góp phần vào thành công của dự án. Điều này cho phép bạn đánh giá khả năng ứng viên làm việc trong môi trường nhóm và khả năng thích ứng với các vai trò khác nhau.
“Ngoài kỹ năng chuyên môn, bạn có những kỹ năng mềm nào mà bạn cho là quan trọng trong công việc này?”
Câu hỏi này giúp bạn đánh giá nhận thức của ứng viên về các kỹ năng mềm quan trọng trong công việc. Họ có thể chia sẻ về khả năng giao tiếp, quản lý thời gian, sự tổ chức, sự linh hoạt, tư duy sáng tạo, khả năng giải quyết vấn đề, tinh thần làm việc nhóm, và khả năng thích ứng với môi trường làm việc động.
“Trong công việc này, bạn sẽ đánh giá thành công của mình như thế nào?”
Câu hỏi này giúp bạn hiểu tiêu chí mà ứng viên đặt ra để đánh giá thành công cá nhân. Họ có thể chia sẻ về việc đạt được mục tiêu, tạo ra giá trị cho tổ chức, phát triển kỹ năng và khả năng cá nhân, hoặc đóng góp vào sự phát triển của đội nhóm. Điều này giúp bạn đánh giá sự phù hợp giữa mục tiêu cá nhân của ứng viên và yêu cầu công việc.
“Bạn có câu hỏi nào cho chúng tôi không?”
Câu hỏi này giúp bạn đánh giá mức độ quan tâm và chuẩn bị của ứng viên. Nếu họ có câu hỏi về công việc, tổ chức hoặc ngành nghề, điều này cho thấy họ đã nghiên cứu và quan tâm đến vị trí này. Đồng thời, bạn cũng có cơ hội cung cấp thông tin bổ sung và tạo sự tương tác tích cực với ứng viên.
Qua việc đặt câu hỏi phỏng vấn đơn giản nhưng khai thác sâu, bạn có thể có cái nhìn toàn diện về ứng viên và đánh giá khả năng của họ phù hợp với công việc. Hãy nhớ rằng mỗi câu hỏi phỏng vấn đều có mục đích riêng để khám phá các khía cạnh khác nhau của ứng viên. Khi đặt câu hỏi, hãy lắng nghe và chú ý đến câu trả lời của ứng viên. Bạn cần xem xét sự phù hợp của câu trả lời với yêu cầu công việc và đánh giá khả năng và sự phù hợp của ứng viên trong các khía cạnh khác nhau.
Ngoài ra, hãy tạo một môi trường thoải mái và đáp ứng để khuyến khích ứng viên chia sẻ một cách chân thành. Điều này sẽ giúp bạn có cái nhìn toàn diện hơn về ứng viên và xác định xem họ có phù hợp với tổ chức và vị trí công việc hay không.
Cuối cùng, hãy nhớ rằng việc đặt câu hỏi phỏng vấn chỉ là một phần trong quá trình tuyển chọn. Bạn cần kết hợp với các phương pháp đánh giá khác như kiểm tra kỹ năng, tham khảo và sự quan sát trong thời gian thử việc để đưa ra quyết định tốt nhất.
Hy vọng rằng bài viết này đã cung cấp cho các nhà tuyển dụng một số câu hỏi phỏng vấn đơn giản nhưng mang tính khai thác sâu để giúp bạn tìm kiếm và đánh giá ứng viên phù hợp cho công việc. Chúc doanh nghiệp thành công trong quá trình tuyển dụng!
"
"Tiết kiệm ngân sách tuyển dụng: tinh gọn quy trình, vẫn có ""profile"" lung linh",https://www.vietnamworks.com//hrinsider//wp-content/uploads/2023/05/Shutterstock_2279576925-1.jpg,https://www.vietnamworks.com/hrinsider/tiet-kiem-ngan-sach-tuyen-dung-tinh-gon-quy-trinh-van-co-profile-lung-linh.html,"Quá trình tuyển dụng nhân sự luôn là một trong những nhiệm vụ quan trọng và đòi hỏi nhiều nguồn lực của một doanh nghiệp. Tuy nhiên, với sự phát triển của công nghệ, các…                                                ","
Sử dụng phần mềm quản lý tuyển dụng
Công nghệ đã mang lại những công cụ mạnh mẽ để giúp doanh nghiệp quản lý quá trình tuyển dụng một cách hiệu quả hơn. Phần mềm quản lý tuyển dụng giúp tổ chức quản lý hồ sơ ứng viên, lên lịch phỏng vấn, gửi thông báo và tương tác với ứng viên một cách tự động. Điều này giúp tiết kiệm thời gian và công sức của nhân viên tuyển dụng, đồng thời giảm thiểu sai sót trong quá trình quản lý thông tin.
Sử dụng các trang web tuyển dụng và mạng xã hội
Các trang web tuyển dụng và mạng xã hội đã trở thành một công cụ quan trọng trong quá trình tìm kiếm ứng viên. Doanh nghiệp có thể đăng thông tin tuyển dụng trên các trang web uy tín và sử dụng các công cụ tìm kiếm ứng viên để thu hút những ứng viên phù hợp. Bên cạnh đó, việc sử dụng mạng xã hội như LinkedIn và Facebook cũng giúp doanh nghiệp tiếp cận một lượng lớn ứng viên tiềm năng một cách nhanh chóng và hiệu quả.
Phỏng vấn trực tuyến
Sử dụng các công nghệ truyền thông như video phỏng vấn trực tuyến giúp doanh nghiệp tiết kiệm được chi phí di chuyển và thời gian cho cả nhân viên tuyển dụng và ứng viên. Thay vì phải tổ chức các buổi phỏng vấn trực tiếp, doanh nghiệp có thể sử dụng các ứng dụng video phỏng vấn trực tuyến để tiến hành cuộc trò chuyện với ứng viên từ xa. 
Sử dụng hệ thống quản lý ứng viên (Applicant Tracking System – ATS)
ATS là một công cụ quản lý tuyển dụng dựa trên công nghệ, giúp doanh nghiệp quản lý hồ sơ ứng viên, theo dõi quá trình tuyển dụng và lưu trữ thông tin một cách tổ chức. Hệ thống này giúp tối ưu hóa quá trình tuyển dụng, từ việc thu thập thông tin ứng viên, lên lịch phỏng vấn, đánh giá đối tượng cho đến quản lý tài liệu liên quan. Bằng cách sử dụng ATS, doanh nghiệp có thể tiết kiệm thời gian và công sức của nhân viên tuyển dụng, đồng thời tăng khả năng theo dõi và đánh giá ứng viên một cách chính xác.
Tận dụng công nghệ trí tuệ nhân tạo (Artificial Intelligence – AI)
AI đang ngày càng phát triển và được ứng dụng rộng rãi trong lĩnh vực tuyển dụng. Công nghệ này có thể giúp tự động phân tích và đánh giá hồ sơ ứng viên, phát hiện những ứng viên phù hợp nhất dựa trên tiêu chí được xác định trước. Điều này giúp tối ưu hóa quá trình lựa chọn ứng viên, tiết kiệm thời gian và tăng khả năng tìm kiếm ứng viên có năng lực phù hợp với yêu cầu công việc.
Tóm lại, việc tận dụng công nghệ trong quá trình tuyển dụng không chỉ giúp tiết kiệm chi phí mà còn tạo ra sự tinh gọn và hiệu quả cao. Qua việc sử dụng các phần mềm quản lý tuyển dụng, các trang web tuyển dụng, phỏng vấn trực tuyến, hệ thống quản lý ứng viên và công nghệ trí tuệ nhân tạo, doanh nghiệp có thể đạt được mục tiêu khi tuyển dụng mà không phải tốn quá nhiều công sức cũng như tiền bạc. 
"
Tuyển dụng 0đ trong bối cảnh suy thoái,https://www.vietnamworks.com//hrinsider//wp-content/uploads/2023/05/Shutterstock_2107929521-3.jpg,https://www.vietnamworks.com/hrinsider/tuyen-dung-0d-trong-boi-canh-suy-thoai.html,"Trước tình hình suy thoái kinh tế, việc tuyển dụng nhân sự mà không tốn chi phí đang trở thành một xu hướng phổ biến và cũng chính là thách thức trong các doanh nghiệp.…                                                ","
Tuyển dụng qua mạng xã hội
Facebook, LinkedIn, Twitter: Sử dụng các nền tảng mạng xã hội này để đăng tải thông tin tuyển dụng và thu hút ứng viên. Điều này giúp doanh nghiệp tiếp cận một lượng lớn người dùng và tạo ra sự tương tác nhanh chóng.
Group chuyên ngành: Tham gia các nhóm chuyên ngành trên mạng xã hội và chia sẻ thông tin tuyển dụng trong những nơi tập trung người có chung quan điểm và sở thích. Điều này giúp tìm kiếm ứng viên phù hợp mà không tốn phí quảng cáo.
Tuyển dụng qua trang web công ty
Đăng thông tin tuyển dụng trên trang web công ty: Tạo một trang tuyển dụng trên trang web của doanh nghiệp, cung cấp thông tin chi tiết về vị trí cần tuyển và yêu cầu công việc. Điều này giúp thu hút người tìm việc và tiết kiệm chi phí quảng cáo trên các trang web tuyển dụng.
Tuyển dụng thông qua hệ thống giới thiệu
Sử dụng hệ thống giới thiệu nhân viên: Khuyến khích nhân viên hiện tại giới thiệu người quen và bạn bè cho công ty. Điều này không chỉ giúp tăng cơ hội tìm kiếm ứng viên chất lượng mà còn tạo ra một môi trường làm việc thân thiện và đáng tin cậy.
Tuyển dụng nội bộ
Sử dụng tài nguyên hiện có: Tuyển dụng nội bộ đề cập đến việc tìm kiếm và thăng tiến nhân viên từ bên trong tổ chức. Điều này có thể tiết kiệm thời gian và tiền bạc so với việc tuyển dụng bên ngoài. Bên cạnh đó, nhân viên nội bộ đã có hiểu biết sâu về công ty và văn hóa làm việc, giúp đảm bảo sự thích nghi nhanh chóng và giảm rủi ro sai lầm trong quá trình tuyển dụng.
Lợi ích và thách thức của tuyển dụng không cần chi phí
Lợi ích

Thách thức

Cách tận dụng lợi thế và vượt qua thách thức

Trên hết, tuyển dụng “0 đồng” có thể mang lại nhiều lợi ích trong bối cảnh suy thoái kinh tế. Tuy nhiên, để thành công, doanh nghiệp cần có chiến lược và quy trình tuyển dụng chặt chẽ để tận dụng lợi thế để vượt qua những thách thức phải đối mặt. Tuyển dụng ngày nay thật sự là một bài toán khó, nhưng không phải là không có cách giải, tận dụng các giải pháp mới sẽ giúp doanh nghiệp từng bước tìm kiếm được những tài năng phù hợp để giúp doanh nghiệp ngày càng phát triển. 
"
"Hành trang HR: những thay đổi trong luật lao động Nhân sự cần ""nằm lòng"" năm 2023",https://www.vietnamworks.com//hrinsider//wp-content/uploads/2023/05/Shutterstock_2191663647-1.jpg,https://www.vietnamworks.com/hrinsider/hanh-trang-hr-nhung-thay-doi-trong-luat-lao-dong-nhan-su-can-nam-long-nam-2023.html,"Năm 2023 đã gần trải qua nửa chặng đường với rất nhiều những thay đổi đáng chú ý về chính sách cho người lao động. Cùng VietnamWorks điểm qua 8 chính sách BHXH, lao động…                                                ","

Chính sách BHXH đầu tiên được đề cập tại Thông tư 01/2023/TT-BLĐTBXH quy định mức điều chỉnh tiền lương và thu nhập tháng đã đóng BHXH.
Cụ thể từ ngày 01/01/2023, tiền lương tháng đã đóng BHXH đối với NLĐ đóng BHXH bắt buộc quy định tại Khoản 1 Điều 1 Thông tư 01/2023/TT-BLĐTBXH được điều chỉnh theo công thức:
Tiền lương tháng đóng bảo hiểm xã hội sau điều chỉnh của từng năm = Tổng tiền lương tháng đóng bảo hiểm xã hội của từng năm x Mức điều chỉnh tiền lương đã đóng bảo hiểm xã hội của năm tương ứng.
Trong đó, mức điều chỉnh tiền lương đã đóng bảo hiểm xã hội của năm tương ứng (hệ số trượt giá BHXH năm 2023) như sau:
Việc tăng hệ số trượt giá BHXH này sẽ góp phần bù đắp sự mất giá của đồng tiền cho những người đóng BHXH ở những năm trước.

Chính sách BHXH tiếp theo được cập nhật tại Thông tư 18/2022/TT-BYT đã sửa hướng dẫn về các trường hợp mắc bệnh được hưởng BHXH một lần so với quy định tại Thông tư 56/2017/TT-BYT (có hiệu lực từ ngày 15/02/2023).
Cụ thể, trường hợp đang bị mắc một trong những bệnh nguy hiểm đến tính mạng như ung thư, bại liệt, xơ gan cổ chướng, phong, lao nặng, nhiễm HIV đã chuyển sang giai đoạn AIDS quy định tại điểm c khoản 1 Điều 60 Luật bảo hiểm xã hội thì được hưởng BHXH 1 lần.
(Trước đây, người lao động thuộc trường hợp này phải bệnh tới mức không tự kiểm soát hoặc không tự thực hiện nhu cầu sinh hoạt cá nhân hằng ngày mà cần có người theo dõi, trợ giúp, chăm sóc hoàn toàn thì mới được nhận BHXH một lần)
Như vậy, quy định mới đã đơn giản điều kiện nhận BHXH một lần với trường hợp nêu trên.

Chính sách BHXH thứ ba được quy định tại Thông tư 02/2023/TT-BYT sửa đổi Thông tư 15/2016/TT-BYT quy định về nghề nghiệp được hưởng BHXH (có hiệu lực từ ngày 01/4/2023).
Cụ thể, bổ sung “bệnh COVID-19 nghề nghiệp” vào danh mục bệnh nghề nghiệp được hưởng BHXH.
Trong đó, người lao động làm nghề, công việc thường gặp và nguồn tiếp xúc với vi rút SARS-CoV-2 bao gồm:
+ Người làm nghề, công việc tại cơ sở y tế.
+ Người làm nghề, công việc trong phòng thí nghiệm, lấy mẫu, vận chuyển mẫu, xử lý, bảo quản và tiêu hủy mẫu có chứa vi rút SARS-CoV-2.
+ Người làm nghề, công việc phòng chống dịch, phục vụ, cứu trợ người nhiễm vi rút SARS-CoV-2. Cụ thể, các công việc trực tiếp trong khu cách ly tập trung, cách ly y tế tại nhà, cách ly y tế vùng có dịch, hỗ trợ chăm sóc người bệnh COVID-19 tại nhà.
+ Người vận chuyển, phục vụ người bệnh COVID-19; vận chuyển, khâm liệm, bảo quản, hỏa táng, mai táng thi hài người bệnh COVID-19; người giám sát, điều tra, xác minh dịch COVID-19; nhân viên hải quan, ngoại giao, nhân viên làm công tác xuất nhập cảnh.
+ Sĩ quan, quân nhân chuyên nghiệp, hạ sĩ quan, chiến sĩ quân đội nhân dân, công chức quốc phòng, công nhân quốc phòng và viên chức quốc phòng; chiến sĩ, sĩ quan thuộc lực lượng công an và người làm nghề, công việc khác được cử tham gia phòng chống dịch COVID-19.

Ngày 15/02/2023, Chính phủ ban hành Nghị định 05/2023/NĐ-CP sửa đổi Nghị định 56/2011/NĐ-CP quy định chế độ phụ cấp ưu đãi theo nghề đối với công chức, viên chức công tác tại các cơ sở y tế công lập.
Theo đó, mức phụ cấp ưu đãi theo nghề đối với viên chức y tế dự phòng, y tế cơ sở áp dụng từ ngày 1/1/2022 đến hết ngày 31/12/2023 như sau:
Mức phụ cấp 100% áp dụng đối với viên chức thường xuyên, trực tiếp làm chuyên môn y tế dự phòng (bao gồm cả kiểm dịch y tế biên giới); làm chuyên môn y tế tại trạm y tế xã, phường, thị trấn, phòng khám đa khoa khu vực, nhà hộ sinh, trung tâm y tế huyện, quận, thị xã, thành phố thuộc tỉnh, thành phố thuộc thành phố trực thuộc trung ương và bệnh viện tuyến huyện, quận, thị xã, thành phố thuộc tỉnh, thành phố thuộc thành phố trực thuộc trung ương.
Trong thời gian áp dụng mức phụ cấp ưu đãi theo nghề đối với viên chức y tế dự phòng, y tế cơ sở quy định nêu trên thì không áp dụng quy định tại điểm c khoản 2 và quy định đối với viên chức thường xuyên, trực tiếp làm chuyên môn y tế dự phòng tại khoản 4 Điều 3 Nghị định 56/2011/NĐ-CP.

Chính sách tiền lương này đề cập tại Thông tư 30/2022/TT-BLĐTBXH quy định mã số và tiêu chuẩn chức danh nghề nghiệp viên chức chuyên ngành kiểm định kỹ thuật an toàn lao động do Bộ trưởng Bộ Lao động – Thương binh và Xã hội ban hành, có hiệu lực từ ngày 13/02/2023.
Theo đó, các chức danh nghề nghiệp viên chức chuyên ngành kiểm định kỹ thuật an toàn lao động được áp dụng bảng lương chuyên môn, nghiệp vụ đối với cán bộ, viên chức trong các đơn vị sự nghiệp của Nhà nước (Bảng 3) ban hành kèm theo Nghị định 204/2004/NĐ-CP, như sau:
– Chức danh nghề nghiệp Kiểm định viên chính kỹ thuật an toàn lao động được áp dụng hệ số lương của viên chức loại A2 nhóm 1 (từ hệ số lương 4,40 đến hệ số lương 6,78);
– Chức danh nghề nghiệp Kiểm định viên kỹ thuật an toàn lao động được áp dụng hệ số lương của viên chức loại A1 (từ hệ số lương 2,34 đến hệ số lương 4,98);
– Chức danh nghề nghiệp Kỹ thuật viên kiểm định kỹ thuật an toàn lao động được áp dụng hệ số lương của viên chức loại B (từ hệ số lương 1,86 đến hệ số lương 4,06).
Xếp lương khi hết thời gian tập sự và được bổ nhiệm vào chức danh nghề nghiệp:
– Trường hợp có trình độ tiến sĩ thì được xếp bậc 3, hệ số lương 3,00 của chức danh nghề nghiệp Kiểm định viên kỹ thuật an toàn lao động, mã số: V.09.03.02;
– Trường hợp có trình độ thạc sĩ thì được xếp bậc 2, hệ số lương 2,67 của chức danh nghề nghiệp Kiểm định viên kỹ thuật an toàn lao động, mã số: V.09.03.02;
– Trường hợp có trình độ cao đẳng thì được xếp bậc 2, hệ số lương 2,06 của chức danh nghề nghiệp Kỹ thuật viên kiểm định kỹ thuật an toàn lao động, mã số: V.09.03.03.
Việc chuyển xếp lương đối với viên chức từ chức danh nghề nghiệp hiện giữ sang chức danh nghề nghiệp viên chức chuyên ngành kiểm định kỹ thuật an toàn lao động quy định tại Thông tư này theo hướng dẫn tại khoản 2, Mục II, Thông tư 02/2007/TT-BNV.

Chính sách lao động này cập nhật tại Thông tư 24/2022/TT-BLĐTBXH quy định việc bồi dưỡng bằng hiện vật đối với người lao động làm việc trong điều kiện có yếu tố nguy hiểm, yếu tố có hại do Bộ trưởng Bộ Lao động – Thương binh và Xã hội ban hành (có hiệu lực từ ngày 01/3/2023).
Cụ thể, mức bồi dưỡng bằng hiện vật được tính theo định suất hàng ngày và có giá trị bằng tiền như sau:
– Mức 1: 13.000 đồng (tăng 3.000 đồng);
– Mức 2: 20.000 đồng (tăng 5.000 đồng);
– Mức 3: 26.000 đồng (tăng 6.000 đồng);
– Mức 4: 32.000 đồng (tăng 7.000 đồng).
Đối với NLĐ đủ điều kiện hưởng bồi dưỡng thì mức bồi dưỡng cụ thể theo từng nghề, công việc được quy định tại Phụ lục I Thông tư 24/2022/TT-BLĐTBXH và được áp dụng theo thời gian làm việc tương ứng như sau:
– Nếu làm việc từ 50% thời giờ làm việc bình thường trở lên của ngày làm việc thì được hưởng cả định suất bồi dưỡng;
– Nếu làm dưới 50% thời giờ làm việc bình thường của ngày làm việc thì được hưởng nửa định suất bồi dưỡng;
– Trong trường hợp NLĐ làm thêm giờ, định suất bồi dưỡng bằng hiện vật được tăng lên tương ứng với số giờ làm thêm theo nguyên tắc trên.

Đây là nội dung tại Thông tư 25/2022/TT-BLĐTBXH quy định về chế độ trang cấp phương tiện bảo vệ cá nhân trong lao động do Bộ trưởng Bộ Lao động – Thương binh và Xã hội ban hành, có hiệu lực từ ngày 01/4/2023.
Cụ thể, làm việc tiếp xúc với một trong những yếu tố nguy hiểm, yếu tố có hại dưới đây thì được trang cấp phương tiện bảo vệ cá nhân:
– Tiếp xúc với yếu tố vật lý không đảm bảo tiêu chuẩn vệ sinh. (Hiện nay, theo Thông tư 04/2014, tiếp xúc với yếu tố vật lý xấu)
– Tiếp xúc với bụi và hóa chất độc hại.
– Tiếp xúc với yếu tố sinh học độc hại:
+ Vi rút, vi khuẩn độc hại gây bệnh, côn trùng có hại;
+ Phân, nước thải, rác, cống rãnh;
+ Các yếu tố sinh học độc hại khác.
– Làm việc với máy, thiết bị, công cụ lao động tiềm ẩn các mối nguy mất an toàn, vệ sinh lao động, làm việc ở vị trí mà tư thế lao động nguy hiểm dễ gây ra tai nạn lao động; làm việc trên cao; làm việc trong hầm lò, nơi thiếu dưỡng khí; làm việc trên biển, trên sông nước, trong hầm sâu, trong không gian hạn chế, trong rừng; làm việc trong núi đá, hang đá hoặc điều kiện lao động nguy hiểm, độc hại khác.

Thông tư 23/2022/TT-BLĐTBXH quy định về giám định tư pháp theo vụ việc trong lĩnh vực bảo hiểm xã hội, bảo hiểm thất nghiệp do Bộ trưởng Bộ Lao động – Thương binh và Xã hội ban hành, có hiệu lực từ ngày 03/01/2023.
Theo đó thời hạn giám định tư pháp theo vụ việc lĩnh vực BHXH, bảo hiểm thất nghiệp như sau:
(1) Thời hạn giám định tư pháp theo vụ việc được tính từ ngày cơ quan, tổ chức giám định tư pháp theo vụ việc nhận được quyết định trưng cầu giám định và đầy đủ hồ sơ, đối tượng giám định, thông tin, tài liệu, đồ vật nêu tại quyết định trưng cầu giám định.
(2) Thời hạn giám định tư pháp theo vụ việc lĩnh vực bảo hiểm xã hội, bảo hiểm thất nghiệp thực hiện theo thời hạn được ghi trong quyết định trưng cầu của người trưng cầu giám định.
(3) Thời hạn giám định tư pháp tối đa đối với các trường hợp không thuộc quy định tại khoản (2) với từng loại việc giám định như sau:
– Giám định các nội dung liên quan đến thu bảo hiểm xã hội, thu bảo hiểm thất nghiệp, thời hạn giám định tối đa là 01 tháng;
– Giám định các nội dung liên quan đến giải quyết hưởng các chế độ bảo hiểm xã hội thời hạn giám định tối đa là 02 tháng;
– Giám định các nội dung liên quan đến chi trả các chế độ bảo hiểm xã hội, bảo hiểm thất nghiệp, thời hạn giám định tối đa là 01 tháng;
– Giám định các nội dung khác liên quan đến lĩnh vực bảo hiểm xã hội, bảo hiểm thất nghiệp thuộc thẩm quyền giải quyết của Bảo hiểm xã hội Việt Nam, thời hạn giám định tối đa là 03 tháng;
– Đối với trường hợp giám định theo vụ việc có từ 02 nội dung giám định khác nhau trở lên thuộc lĩnh vực bảo hiểm xã hội, bảo hiểm thất nghiệp quy định tại Điều 3 Thông tư 23/2022/TT-BLĐTBXH hoặc có tính chất phức tạp liên quan đến nhiều tổ chức, cá nhân, thời hạn giám định tối đa là 04 tháng.
Trong trường hợp cần thiết, cá nhân người giám định tư pháp theo vụ việc, tổ chức giám định tư pháp theo vụ việc có văn bản đề nghị cơ quan trưng cầu giám định gia hạn theo thẩm quyền.
Trên đây là những thay đổi đáng chú ý của luật lao động trong năm 2023, HR hãy lưu ý để xây dựng chính sách phù hợp với lợi ích của người lao động.
"
"Thu hút Nhân viên giỏi: 4 điều HR cần ""cân nhắc"" trước khi nói trong buổi phỏng vấn",https://www.vietnamworks.com//hrinsider//wp-content/uploads/2023/05/Shutterstock_2113170065-1.jpg,https://www.vietnamworks.com/hrinsider/thu-hut-nhan-vien-gioi-4-dieu-hr-can-can-nhac-truoc-khi-noi-trong-buoi-phong-van.html,"Tuyển dụng hay tuyển chọn nhân viên giỏi là một trong những thách thức quan trọng nhất của bộ phận nhân sự trong các doanh nghiệp. Trong quá trình phỏng vấn, các nhà quản lý…                                                ","
Không nên hỏi về tuổi tác và kế hoạch gia đình của ứng viên
Một trong những điều mà HR nên tránh nói trong buổi phỏng vấn là hỏi về tuổi tác và kế hoạch gia đình của ứng viên. Điều này có thể gây ra sự phiền toái và cảm thấy khó chịu cho ứng viên, cũng như làm giảm khả năng tuyển dụng được nhân viên giỏi. Thay vào đó, HR nên tập trung vào các kỹ năng và kinh nghiệm của ứng viên, đồng thời đánh giá khả năng phù hợp với văn hóa và môi trường làm việc của doanh nghiệp.
Không nên đưa ra những yêu cầu không cần thiết
Một trong những điều mà HR cần tránh nói trong buổi phỏng vấn là đưa ra những yêu cầu không cần thiết, ví dụ như yêu cầu ứng viên phải có ngoại hình đẹp, cao, hoặc cân nặng đúng một số chỉ số cụ thể. Điều này có thể gây ra cảm giác không thoải mái cho ứng viên và làm giảm sự hứng thú của họ trong quá trình phỏng vấn. HR cần tập trung vào các yêu cầu chính và khả năng của ứng viên đối với công việc và môi trường làm việc của doanh nghiệp.
Không nên chỉ tập trung vào kinh nghiệm làm việc của ứng viên
Một trong những điều mà HR cần tránh trong buổi phỏng vấn là chỉ tập trung vào lịch sử công việc của ứng viên mà bỏ qua khả năng phát triển và tiềm năng của họ. Đôi khi, một ứng viên có thể không có kinh nghiệm trực tiếp trong lĩnh vực hoặc vị trí mà doanh nghiệp đang tuyển dụng, nhưng họ có những kỹ năng và tư duy sáng tạo mà có thể đem lại giá trị cho công việc. HR cần tạo điều kiện cho ứng viên thể hiện khả năng học hỏi, phát triển và thích ứng trong môi trường làm việc mới.
Không nên chỉ tập trung vào mục tiêu cá nhân của doanh nghiệp
Trong buổi phỏng vấn, HR cũng cần lưu ý không nên chỉ tập trung vào mục tiêu cá nhân của doanh nghiệp mà bỏ qua mục tiêu và động lực của ứng viên. Ứng viên muốn biết rằng công việc của họ sẽ đóng góp vào sự phát triển cá nhân và sự nghiệp của họ. HR nên tạo điều kiện để ứng viên chia sẻ mục tiêu và động lực của họ, và xem xét cách làm việc tương hỗ giữa mục tiêu cá nhân và mục tiêu của doanh nghiệp.
Trên đây là 4 điều mà HR cần “cân nhắc” trước khi nói trong buổi phỏng vấn để thu hút nhân viên giỏi. Bằng cách tránh những sai lầm này, HR sẽ tạo ra một môi trường phỏng vấn chuyên nghiệp và thu hút những ứng viên tốt nhất cho doanh nghiệp.
"
"Top câu hỏi phỏng vấn ""lạ lùng"" từ các tập đoàn hàng đầu thế giới",https://www.vietnamworks.com//hrinsider//wp-content/uploads/2023/05/Shutterstock_2174655259-1.jpg,https://www.vietnamworks.com/hrinsider/top-cau-hoi-phong-van-la-lung-tu-cac-tap-doan-hang-dau-the-gioi.html,"Khi đi xin việc, bạn luôn chuẩn bị trả lời câu hỏi điển hình “Tại sao bạn lại chọn công việc này?” trong một cuộc phỏng vấn nhiều lần đến nỗi bạn đã ghi nhớ…                                                ","
Chính vì vậy, hãy cùng bài viết dưới đây khám phá top những câu hỏi phỏng vấn “lạ lùng” từ các t ập đoàn hàng đầu thế giới  để bạn tự tin ứng tuyển mà không bị bỡ ngỡ bạn nhé!

Là thương hiệu điện thoại nổi tiếng nhất trên thế giới, Apple luôn là địa điểm làm việc đáng mơ ước nhất đối với mọi ứng viên. Không chỉ nổi tiếng về sản phẩm, công nghệ tạo ra, Apple cũng là nơi làm việc nhiều thử thách, thú vị. Mọi ứng viên vượt qua vòng phỏng vấn xin việc đều là những người thực sự tài năng.
Sau đây là một số câu hỏi “lạ lùng” đến từ Apple mà bạn chưa biết:


Amazon là tập đoàn thương mại điện tử hàng đầu không chỉ trong nước Mỹ mà còn lan rộng ra toàn cầu với mức độ tập trung số lượng hàng hóa hết sức đa dạng. Rất nhiều người ước mơ được làm việc cho người bán hàng khổng lồ này. Nhưng điều đáng buồn rằng các câu hỏi tuyển dụng của Amazon cũng đa dạng như số lượng gian hàng của hãng.
Sau đây là một số câu hỏi “lạ lùng” đến từ Amazon có thể bạn chưa biết:



Facebook được các chuyên gia trên thế giới đánh giá là môi trường làm việc tuyệt vời nhất ngành công nghệ. Đơn giản nếu bạn là một thực tập sinh cũng có thể kiếm được gần 70.000 USD/năm. Tuy nhiên những câu hỏi phỏng vấn đặt ra không hề dễ dàng chút nào.
Sau đây là một số câu hỏi “lạ lùng” đến từ Facebook mà bạn chưa biết:


Google là một trong những doanh nghiệp luôn đưa ra  câu hỏi phỏng vấn  hóc búa nhằm đánh giá kiến thức và năng lực ứng phó của ứng viên. Gayle Laakmann McDowell, từng là nhà tuyển dụng của Google cho hay, Google không cần ứng viên đưa ra đáp án chính xác mà chỉ muốn biết người được hỏi có hướng giải quyết ra sao
Sau đây là một số câu hỏi “lạ lùng” đến từ  Google  mà bạn chưa biết:

Bài viết trên đây đã chỉ cho bạn top những câu hỏi phỏng vấn “độc lạ” từ các tập đoàn hàng đầu thế giới. Bây giờ bạn hãy cho tôi biết, câu hỏi kỳ lạ nhất mà bạn từng được hỏi trong một cuộc phỏng vấn là gì nhé?
"
VietnamWorks được vinh danh tại PR Awards 2023,https://www.vietnamworks.com//hrinsider//wp-content/uploads/2023/05/MicrosoftTeams-image-14.jpg,https://www.vietnamworks.com/hrinsider/vietnamworks-duoc-vinh-danh-tai-pr-awards-2023.html,"VietnamWorks, thương hiệu tuyển dụng thuộc Navigos Group, nhận giải vàng cho chiến dịch tái định vị thương hiệu vào năm 2022 tại giải thưởng PR Awards 2023.                                                ","
Lễ trao giải PR Awards 2023 vừa diễn ra tại Singapore vào ngày 27/4. Danh sách đề cử gồm 42 hạng mục với sự góp mặt của các thương hiệu và các doanh nghiệp dịch vụ truyền thông quảng cáo nổi bật trong nhiều lĩnh vực, ngành hàng khác nhau trong khu vực Đông Nam Á, Nam Á và châu Đại Dương.
Trong đó, Navigos Group Vietnam đã nhận giải Vàng tại hạng mục “Best Use Of Technology” (tạm dịch: Chiến dịch PR ứng dụng công nghệ ấn tượng nhất). Giải thưởng được trao nhờ dự án tái định vị thương hiệu kênh thông tin việc làm  VietnamWorks  năm 2022 qua phát kiến ứng dụng AI vào câu chuyện tạo nên Job Envision (Bức tranh mô tả sự nghiệp hạnh phúc).

 "
Trở thành người làm Nhân sự giỏi để thu hút Nhân tài,https://www.vietnamworks.com//hrinsider//wp-content/uploads/2023/04/Shutterstock_2123293226.jpg,https://www.vietnamworks.com/hrinsider/tro-thanh-nguoi-lam-nhan-su-gioi-de-thu-hut-nhan-tai.html,Người làm nhân sự giỏi là yếu tố cực kỳ quan trọng để thu hút nhân tài vì công việc của họ liên quan trực tiếp đến quá trình tuyển dụng và phát triển nhân…                                                ,"
Một nhân sự là người giỏi có khả năng tìm ra những ứng viên tiềm năng phù hợp với nhu cầu của công ty, đồng thời đưa ra các chính sách phúc lợi hấp dẫn giới thiệu cho nhân viên và giữ chân họ lại làm việc. Vậy như thế nào là một người làm nhân sự giỏi? Cùng VietnamWorks tìm hiểu thêm qua bài viết sau đây nhé!

Mọi ngành nghề đều cần một số phẩm chất và kỹ năng đặc trưng để trở thành chuyên gia trong lĩnh vực của mình. Sau đây là một  kỹ năng nhân sự  và phẩm chất nhân sự quan trọng nhất mà một người làm nhân sự giỏi cần phải cố gắng để trau dồi và phát triển tại nơi làm việc.

Kỹ năng nhân sự  đầu tiên và quan trọng nhất phải có để trở thành một người làm nhân sự chuyên nghiệp là có tính tổ chức tốt. Tính tổ chức là khả năng xây dựng, tổ chức và duy trì các quy trình và hệ thống để các quy trình và công việc tiến triển một cách suôn sẻ và hiệu quả. 
Nhân sự không chỉ chịu trách nhiệm tuyển dụng mà còn quản lý nhiều hoạt động khác như phát triển  nhân viên, lên kế hoạch cho sự kiện và nhiều hoạt động khác. Và để đảm bảo rằng các hoạt động liên quan đến nhân sự diễn ra thuận lợi, chuyên gia nhân sự cần phải có khả năng tổ chức các quy trình hoạt động để tiêu chuẩn cao nhất được thiết lập và duy trì trong toàn bộ quá trình. Họ cũng cần chủ động khắc phục những trở ngại trong quá trình làm việc của công ty và tối ưu hoá quy trình và tổ chức công việc một cách hiệu quả. 

Kỹ năng giao tiếp là một yếu tố rất quan trọng trong nhiều lĩnh vực, và cũng là  kỹ năng cho nhân sự . Một người làm nhân sự giỏi cần phải có kỹ năng giao tiếp để hiểu được nhu cầu của các ứng viên, đối tác hoặc nhân viên cũng như giải thích những vấn đề liên quan đến chính sách nhân sự của công ty. Khả năng giao tiếp tốt có thể giúp chuyên gia nhân sự giỏi nói chuyện một cách tự tin, rõ ràng và dễ hiểu khi đối thoại với những người khác. Điều này bao gồm khả năng lắng nghe những gì đối tác và nhân viên muốn nói và đưa ra các giải pháp thích hợp để giải quyết các vấn đề có liên quan.
Bên cạnh đó, kỹ năng giao tiếp tốt cũng cho phép chuyên gia nhân sự giỏi có thể truyền tải thông tin một cách hiệu quả và chuẩn xác. Họ cần đảm bảo rằng thông tin được đưa ra đúng lúc và đến đúng đối tượng một cách rõ ràng và chi tiết, từ các quy trình đến các chính sách nhân sự mới. Kỹ năng giao tiếp còn bao gồm khả năng xử lý xung đột. Chuyên gia nhân sự giỏi cần có khả năng xử lý các tình huống xung đột một cách thích hợp và giải quyết bất kỳ vấn đề nào nhanh chóng và hiệu quả. Vì vậy, một người thiếu kỹ năng giao tiếp tốt sẽ không phù hợp với công việc nhân sự.

Kỹ năng giải quyết vấn đề là yếu tố cực kỳ quan trọng trong công việc của một người làm nhân sự giỏi, bởi vì khi quản lý đội ngũ nhân viên, chuyên gia nhân sự sẽ tương tác với nhiều các vấn đề khác nhau liên quan tới nhân sự. Kỹ năng giải quyết vấn đề giúp người làm nhân sự xây dựng nên chính sách và giải pháp phù hợp cho nhân viên và công ty. Một người làm nhân sự chuyên nghiệp cần có khả năng phát hiện các vấn đề về nhân sự trước khi chúng trở thành thành vấn đề lớn hơn. 
Ngoài ra, Họ phải có khả năng đánh giá các vấn đề này, tìm hiểu nguyên nhân và đưa ra những phương án giải quyết bằng đầu óc thực tế và lý trí. Bên cạnh đó, khả năng xác định được các vấn đề quan trọng và đưa ra lựa chọn ưu tiên để giải quyết cũng là kỹ năng cần thiết, phải có tính tò mò để tìm hiểu tình hình thực tế mới và cập nhật các giải pháp mới nhất liên quan đến công tác nhân sự. Tóm lại, sự thành công của công ty dựa vào tính linh hoạt và khả năng giải quyết vấn đề của nhân sự, và chuyên gia nhân sự giỏi có trách nhiệm cung cấp những giải pháp phù hợp giúp công ty phát triển bền vững.

Kỹ năng quản lý thời gian và tự giác kỷ luật rất cần thiết đối với những người làm nhân sự, bởi vì họ phải xử lý nhiều tác vụ khác nhau và quản lý những thông tin nhân sự một cách chủ động.
Người làm nhân sự giỏi phải có kế hoạch cụ thể về công việc hàng ngày hoặc tuần, giúp họ có thể quản lý thời gian tốt hơn và giải quyết các tác vụ một cách hiệu quả. Hơn nữa, họ phải ưu tiên những công việc có mức độ quan trọng cao và cần được hoàn thành trước, đồng thời xác định thời gian cần phải dành cho từng công việc. Điều này cho phép họ thu được năng suất tốt hơn và tránh tình trạng quá tải công việc.
Chuyên gia nhân sự giỏi không chỉ quản lý thời gian của mình một cách tốt nhất, mà còn phải có khả năng quản lý cuộc sống và công việc của nhân viên. Họ phải sống một lối sống lành mạnh, đúng đắn trong cách sử dụng nguồn tài nguyên thời gian của mình và phải tự giác và kỷ luật để hoàn thành các nhiệm vụ đúng thời hạn, tối đa hóa năng suất.

Chấp nhận rủi ro là một kỹ năng cần có ở một người làm nhân sự giỏi, bởi vì các quyết định liên quan đến nhân sự thường đều có tính chất không chắc chắn và luôn đi kèm với một mức độ rủi ro. Họ phải có thể đối phó với rủi ro bằng cách đưa ra quyết định dựa trên những thông tin có sẵn và đặt mục tiêu để giảm thiểu tối đa mức độ rủi ro.
Phải chấp nhận rủi ro đồng nghĩa với việc có trách nhiệm hành động quyết định. Chuyên gia nhân sự phải có khả năng tư duy đa chiều và suy nghĩ sáng tạo để giải quyết các vấn đề phức tạp với nhiều phương án khác nhau. Họ cần có khả năng đưa ra quyết định thông minh và linh hoạt, đồng thời đảm bảo giữ vững tinh thần của tất cả các bên liên quan. Tóm lại, chấp nhận và quản lý tốt rủi ro là một kỹ năng thiết yếu trong lĩnh vực nhân sự và là chìa khóa cho sự thành công của chuyên gia nhân sự.

Để thành công trong việc  phát triển nhân sự , người làm nhân sự giỏi cần phải có kiến thức về tất cả các khía cạnh của quản lý nhân sự, bao gồm lập kế hoạch, phát triển, tuyển dụng, giữ chân, xếp hạng và các hoạt động khác. Ngoài kiến thức về quản lý nhân sự, họ cần phải nắm vững hiểu biết về các quy định và chính sách pháp luật liên quan đến quản lý nhân sự. Họ cần cập nhật các thay đổi pháp lý nhằm đảm bảo rằng các hoạt động của công ty được thực hiện đúng các quy định pháp luật và không vi phạm quyền lợi của nhân viên.
Trau dồi kiến thức và chuyên môn về nhân sự cũng đòi hỏi tính kiên trì và tiếp tục học tập. Người làm nhân sự cần phải thường xuyên cập nhật kiến thức và tìm kiếm các cơ hội học tập mới nhằm giữ mình luôn trở nên sáng suốt và nắm được các xu hướng và phương pháp mới trong quản lý nhân sự. Kết hợp kiến thức chuyên môn với tính kiên trì và tiếp tục học tập, chuyên gia nhân sự có thể trở thành người có đóng góp tích cực cho công ty trong việc quản lý nhân sự.

Đáng tin cậy là một phẩm chất cần có ở người làm nhân sự vì họ giữ vai trò quan trọng trong việc quản lý nhân sự và định hướng chiến lược  phát triển nhân sự  cho công ty. Để đạt được sự đáng tin cậy, chuyên gia nhân sự cần phải luôn duy trì các tiêu chuẩn chuyên môn cao, như giữ bí mật thông tin, phân công công việc một cách công bằng và đúng thời hạn, xử lý các vấn đề về nhân sự một cách khách quan và không thiên vị.
Ngoài ra, chuyên gia nhân sự cần phải xây dựng một mối quan hệ tốt với các đồng nghiệp và nhân viên trong công ty. Họ cần liên tục tương tác và lắng nghe ý kiến, sẵn sàng hỗ trợ và giải đáp thắc mắc của nhân viên, giúp họ có một môi trường làm việc tốt và phát triển tối ưu. Cuối cùng, chuyên gia nhân sự cần hỗ trợ công ty đưa ra quyết định thích hợp và minh bạch, đồng thời có trách nhiệm đối với kết quả của những quyết định đó. Bằng cách đảm bảo tính đáng tin cậy, người làm nhân sự có thể tạo dựng sự tín nhiệm và giữ uy tín và thương hiệu của công ty được đặt ở tầm cao.

Người làm nhân sự giỏi cũng cần khả năng xử lý dữ liệu tốt, bởi vì các hoạt động quản lý nhân sự đòi hỏi việc thu thập và phân tích dữ liệu để đưa ra quyết định dựa trên các bằng chứng cụ thể. Họ phải hiểu rõ về các phương pháp thu thập dữ liệu và các phương tiện để tổng hợp, phân tích và trình bày dữ liệu một cách rõ ràng và dễ hiểu cho các bộ phận khác trong công ty. 
Bên cạnh đó, chuyên gia nhân sự cần phải có kiến thức về các công cụ và kỹ thuật xử lý dữ liệu. Họ phải hiểu các phương pháp phân tích dữ liệu như các phép đo thống kê và phương pháp thống kê mật độ, cũng như các công cụ phần mềm đang được sử dụng để phân tích dữ liệu trong công ty.  Kết hợp với kỹ năng và phẩm chất khác, chẳng hạn như kiến thức chuyên môn và tính cẩn trọng, khả năng xử lý dữ liệu giúp nhân sự có thể đưa ra quyết định chính xác hơn và định hướng đúng đắn cho công ty trong việc quản lý nguồn nhân lực.
Trên đây là những kỹ năng và phẩm chất bạn cần để trở thành một người làm nhân sự giỏi. Một người làm nhân sự giỏi không chỉ có thể quản lý tốt nguồn nhân lực, mà còn giúp doanh nghiệp trở thành một điểm đến cho những ứng viên tài năng muốn tham gia vào môi trường làm việc tích cực, sáng tạo và cạnh tranh. Hãy luôn cập nhật kiến thức, học hỏi và nỗ lực không ngừng để trở thành người làm nhân sự giỏi nhất bạn nhé!
"
